Survival_months,Age,State,FIPS_County_Code,FIPS_Coordinates
1,21,CA,6013,"+37.919479,-121.95154"
2,21,CA,6001,"+37.648081,-121.91330"
3,24,CA,6001,"+37.648081,-121.91330"
4,24,CA,6075,"+37.727239,-123.03222"
5,25,CA,6013,"+37.919479,-121.95154"
5,25,CA,6041,"+38.051817,-122.74597"
4,25,CA,6013,"+37.919479,-121.95154"
4,26,CA,6013,"+37.919479,-121.95154"
3,26,CA,6081,"+37.414664,-122.37154"
1,26,CA,6081,"+37.414664,-122.37154"